{"title":"The White Stripes","description":"2 / Rock"}
{"title":"Kendrick Lamar","description":"1 / Hip-Hop"}
{"title":"The Kills","description":"2 / Rock"}
{"title":"Arctic Monkeys","description":"4 / Rock"}
{"title":"Orelha Negra","description":"5 / Hip-Hop"}
{"title":"Miles Davis","description":"1 / Jazz"}
{"title":"Queens Of The Stone Age","description":"5 / Rock"}
{"title":"Beck","description":"1 / Alternative"}
{"title":"Lorde","description":"1 / Pop"}
{"title":"The Raconteurs","description":"4 / Rock"}
{"title":"Bob Dylan","description":"1 / Folk"}
{"title":"Iggy Pop","description":"1 / Punk"}
{"title":"Royal Blood","description":"2 / Rock"}
{"title":"The Black Keys","description":"2 / Rock"}
{"title":"The Dead Weather","description":"4 / Rock"}