{"name":"a1","Physical Fitness":740,"Mental Sharpness":74,"Mental Resilience":4,"Intelligence":7,"Teamwork Skills":4,"Motivation":6}
{"name":"a2","Physical Fitness":950,"Mental Sharpness":82,"Mental Resilience":2,"Intelligence":4,"Teamwork Skills":4,"Motivation":4}
{"name":"a3","Physical Fitness":720,"Mental Sharpness":58,"Mental Resilience":3,"Intelligence":5,"Teamwork Skills":5,"Motivation":5}
{"name":"a4","Physical Fitness":920,"Mental Sharpness":78,"Mental Resilience":2,"Intelligence":5,"Teamwork Skills":5,"Motivation":5}
{"name":"a5","Physical Fitness":850,"Mental Sharpness":66,"Mental Resilience":3,"Intelligence":5,"Teamwork Skills":6,"Motivation":5}
{"name":"a6","Physical Fitness":1100,"Mental Sharpness":70,"Mental Resilience":4,"Intelligence":5,"Teamwork Skills":5,"Motivation":6}
{"name":"a7","Physical Fitness":710,"Mental Sharpness":73,"Mental Resilience":3,"Intelligence":6,"Teamwork Skills":5,"Motivation":6}