{"name":"Snipers","membership_degree":0.75,"Physical Fitness":10,"Mental Sharpness":15,"Mental Resilience":20,"Intelligence":20,"Teamwork Skills":5,"Motivation":15}
{"name":"Breachers","membership_degree":0.60,"Physical Fitness":25,"Mental Sharpness":15,"Mental Resilience":20,"Intelligence":5,"Teamwork Skills":10,"Motivation":5}
{"name":"Communications Operators","membership_degree":0.65,"Physical Fitness":10,"Mental Sharpness":20,"Mental Resilience":15,"Intelligence":20,"Teamwork Skills":15,"Motivation":10}
{"name":"Heavy Weapons Operators","membership_degree":0.60,"Physical Fitness":25,"Mental Sharpness":5,"Mental Resilience":15,"Intelligence":5,"Teamwork Skills":20,"Motivation":10}