{"category":"Snipers","Physical Fitness":700,"Mental Sharpness":80,"Mental Resilience":4,"Intelligence":6,"Teamwork Skills":4,"Motivation":6,"name":"b11"}
{"category":"Snipers","Physical Fitness":750,"Mental Sharpness":75,"Mental Resilience":4,"Intelligence":7,"Teamwork Skills":4,"Motivation":7,"name":"b12"}
{"category":"Breachers","Physical Fitness":800,"Mental Sharpness":70,"Mental Resilience":3,"Intelligence":6,"Teamwork Skills":6,"Motivation":6,"name":"b21"}
{"category":"Communications Operators","Physical Fitness":1000,"Mental Sharpness":85,"Mental Resilience":2,"Intelligence":5,"Teamwork Skills":4,"Motivation":4,"name":"b31"}
{"category":"Communications Operators","Physical Fitness":950,"Mental Sharpness":80,"Mental Resilience":2,"Intelligence":5,"Teamwork Skills":4,"Motivation":5,"name":"b32"}
{"category":"Heavy Weapons Operators","Physical Fitness":700,"Mental Sharpness":60,"Mental Resilience":3,"Intelligence":5,"Teamwork Skills":6,"Motivation":5,"name":"b41"}