{"criterion":"Physical Fitness","type":"Numerical","min":370,"max":1281,"num_categories":""}
{"criterion":"Mental Sharpness","type":"Numerical","min":35,"max":99,"num_categories":""}
{"criterion":"Mental Resilience","type":"Categorical","min":"","max":"","num_categories":4}
{"criterion":"Intelligence","type":"Categorical","min":"","max":"","num_categories":7}
{"criterion":"Teamwork Skills","type":"Categorical","min":"","max":"","num_categories":7}
{"criterion":"Motivation","type":"Categorical","min":"","max":"","num_categories":7}