{"criterion":"Physical Fitness","type":"Ordinal","min":370,"max":1281,"num_categories":""}
{"criterion":"Mental Sharpness","type":"Ordinal","min":35,"max":99,"num_categories":""}
{"criterion":"Mental Resilience","type":"Cardinal","min":"","max":"","num_categories":4}
{"criterion":"Intelligence","type":"Cardinal","min":"","max":"","num_categories":7}
{"criterion":"Teamwork Skills","type":"Cardinal","min":"","max":"","num_categories":7}
{"criterion":"Motivation","type":"Cardinal","min":"","max":"","num_categories":7}